<?xml version="1.0" encoding="UTF-8" standalone="yes"?>
<addon id="repository.gentv" name="[COLOR red]Genuine TV Repo[/COLOR]" version="1.0" provider-name="JF">
	<extension point="xbmc.addon.repository" name="Durex Build Repo">
		<info compressed="false">https://raw.githubusercontent.com/genuinetv/repo/master/addons.xml</info>
		<checksum>https://raw.githubusercontent.com/genuinetv/repo/master/addons.xml.md5</checksum>
		<datadir zip="true">https://raw.githubusercontent.com/genuinetv/repo/master/</datadir>
	</extension>
	<extension point="xbmc.addon.metadata">
		<summary>Genuine TV Add-on Repository</summary>
		<description>Kodi Repository for Genuine TV</description>
		<platform>all</platform>
	</extension>
</addon>

