<?xml version="1.1" encoding="UTF-8" standalone="yes"?>
<addon id="plugin.video.gentv"
       name=" [COLOR red]Genuine [COLOR white]TV[/COLOR]"
       version="4.3"
       provider-name="JF">
  <requires>
    <import addon="xbmc.python" version="2.1.0"/>
	<import addon="script.module.requests" />
  </requires>
  <extension point="xbmc.python.pluginsource"
            library="default.py">
        <provides>video</provides>
  </extension>
  <extension point="xbmc.addon.metadata">
    <summary lang="en">[COLOR red]Genuine [COLOR white]TV[/COLOR]</summary>
    <language>en</language>
    <description lang="en">[COLOR red]Genuine [COLOR white]TV[/COLOR] offers premium quality streams.</description>
     <platform>all</platform>
  </extension>
</addon>
